cenario,nome_cenario,nivel,dimensoes,foco,metodo,passos,custo,tempo_ms,desvio_ms,expandidos,gerados,fronteira_maxima,caminho
1,Quintal da casa,Simples,9x12,Pneu com água acumulada,Usuário,14,16,8310.0,,,,,"1,1 2,1 3,1 4,1 5,1 5,2 5,3 5,4 5,5 5,6 5,7 5,8 5,9 5,10 6,10"
2,Fundos e garagem,Intermediário,15x20,Prato de vaso de planta com água,Usuário,29,32,9377.0,,,,,"1,1 2,1 3,1 4,1 5,1 6,1 6,2 6,3 6,4 6,5 7,5 7,6 8,6 9,6 9,7 9,8 9,9 10,9 10,10 11,10 12,10 13,10 13,11 13,12 13,13 13,14 13,15 13,16 13,17 13,18"
3,Terreno ao lado,Complexo,15x20,Caixa d'água destampada,Usuário,31,33,8360.0,,,,,"1,1 2,1 3,1 4,1 5,1 6,1 7,1 7,2 7,3 7,4 7,5 7,6 7,7 8,7 8,8 8,9 8,10 8,11 8,12 8,13 8,14 8,15 7,15 7,16 6,16 6,17 5,17 4,17 3,17 3,18 2,18 1,18"
1,Quintal da casa,Simples,9x12,Pneu com água acumulada,BFS,14,14,0.1259,0.0342,58,181,9,"1,1 1,2 1,3 1,4 1,5 1,6 1,7 1,8 1,9 1,10 2,10 3,10 4,10 5,10 6,10"
1,Quintal da casa,Simples,9x12,Pneu com água acumulada,DFS,14,14,0.0351,0.0099,15,37,10,"1,1 1,2 1,3 1,4 1,5 1,6 1,7 1,8 1,9 1,10 2,10 3,10 4,10 5,10 6,10"
1,Quintal da casa,Simples,9x12,Pneu com água acumulada,Busca Gulosa,14,14,0.0416,0.0216,15,37,10,"1,1 1,2 1,3 1,4 1,5 1,6 1,7 1,8 1,9 1,10 2,10 3,10 4,10 5,10 6,10"
1,Quintal da casa,Simples,9x12,Pneu com água acumulada,A*,14,14,0.0461,0.0137,15,37,9,"1,1 1,2 1,3 1,4 1,5 1,6 1,7 1,8 1,9 1,10 2,10 3,10 4,10 5,10 6,10"
2,Fundos e garagem,Intermediário,15x20,Prato de vaso de planta com água,BFS,29,36,0.4432,0.1127,194,635,14,"1,1 1,2 1,3 1,4 1,5 1,6 2,6 3,6 4,6 5,6 6,6 7,6 7,7 7,8 7,9 7,10 8,10 9,10 10,10 11,10 12,10 12,11 12,12 12,13 13,13 13,14 13,15 13,16 13,17 13,18"
2,Fundos e garagem,Intermediário,15x20,Prato de vaso de planta com água,DFS,99,116,0.2450,0.0387,101,323,77,"1,1 1,2 1,3 1,4 1,5 1,6 1,7 1,8 1,9 1,10 2,10 3,10 4,10 4,11 4,12 3,12 2,12 1,12 1,13 1,14 1,15 1,16 1,17 1,18 2,18 3,18 4,18 5,18 6,18 7,18 8,18 9,18 10,18 10,17 9,17 8,17 7,17 6,17 5,17 4,17 3,17 2,17 2,16 3,16 4,16 5,16 6,16 7,16 8,16 9,16 10,16 10,15 9,15 8,15 7,15 6,15 5,15 4,15 3,15 2,15 2,14 3,14 3,13 4,13 5,13 6,13 7,13 8,13 9,13 10,13 10,12 9,12 8,12 7,12 7,11 8,11 9,11 10,11 10,10 9,10 8,10 7,10 7,9 8,9 9,9 10,9 11,9 11,10 12,10 12,11 12,12 12,13 13,13 13,14 13,15 12,15 12,16 12,17 12,18 13,18"
2,Fundos e garagem,Intermediário,15x20,Prato de vaso de planta com água,Busca Gulosa,35,39,0.1199,0.0285,39,116,35,"1,1 1,2 1,3 1,4 1,5 1,6 1,7 1,8 1,9 1,10 2,10 3,10 4,10 4,11 4,12 4,13 5,13 6,13 7,13 8,13 9,13 10,13 10,12 10,11 10,10 11,10 12,10 12,11 12,12 12,13 13,13 13,14 13,15 13,16 13,17 13,18"
2,Fundos e garagem,Intermediário,15x20,Prato de vaso de planta com água,A*,29,31,0.2844,0.0949,76,255,42,"1,1 1,2 1,3 1,4 2,4 3,4 4,4 4,5 5,5 5,6 6,6 7,6 7,7 7,8 7,9 7,10 8,10 9,10 10,10 11,10 12,10 12,11 12,12 12,13 13,13 13,14 13,15 13,16 13,17 13,18"
3,Terreno ao lado,Complexo,15x20,Caixa d'água destampada,BFS,23,65,0.3779,0.0731,165,582,16,"1,1 1,2 2,2 3,2 4,2 4,3 4,4 4,5 4,6 4,7 4,8 4,9 4,10 4,11 4,12 4,13 4,14 4,15 4,16 4,17 3,17 2,17 1,17 1,18"
3,Terreno ao lado,Complexo,15x20,Caixa d'água destampada,DFS,29,59,0.0774,0.0471,30,86,27,"1,1 1,2 2,2 3,2 4,2 4,3 4,4 4,5 4,6 4,7 4,8 4,9 3,9 3,10 3,11 3,12 3,13 2,13 1,13 1,14 2,14 3,14 4,14 4,15 4,16 4,17 3,17 2,17 1,17 1,18"
3,Terreno ao lado,Complexo,15x20,Caixa d'água destampada,Busca Gulosa,25,55,0.1007,0.0671,32,92,24,"1,1 1,2 2,2 3,2 4,2 4,3 4,4 4,5 4,6 4,7 4,8 4,9 3,9 3,10 3,11 3,12 3,13 3,14 4,14 4,15 4,16 4,17 3,17 2,17 1,17 1,18"
3,Terreno ao lado,Complexo,15x20,Caixa d'água destampada,A*,31,32,0.2033,0.1396,51,177,40,"1,1 2,1 3,1 4,1 5,1 6,1 7,1 7,2 7,3 7,4 7,5 7,6 7,7 8,7 8,8 8,9 8,10 7,10 7,11 7,12 7,13 7,14 7,15 7,16 6,16 5,16 4,16 4,17 3,17 2,17 1,17 1,18"
